799999.9046,799999.9046
135644.5313,135644.5313
-624025.1541,-624025.1541
682521.2479,682521.2479
799999.9046,799999.9046
247167.9688,247167.9688
-679591.465,-679591.465
623927.4025,623927.4025
799999.9046,799999.9046
354880.8098,354880.8098
-723131.4659,-723131.4659
556824.8749,556824.8749
799999.9046,799999.9046
466591.6443,466591.6443
-755906.868,-755906.868
478573.0362,478573.0362
799999.9046,799999.9046
572066.4024,572066.4024
-774911.8805,-774911.8805
389661.7889,389661.7889
799999.9046,799999.9046
662979.4121,662979.4121
-768689.1556,-768689.1556
296530.056,296530.056
799999.9046,799999.9046
734570.8847,734570.8847
-733497.6196,-733497.6196
188379.8599,188379.8599
799999.9046,799999.9046
777269.1727,777269.1727
-669046.7834,-669046.7834
79277.61078,79277.61078
799999.9046,799999.9046
796029.8538,796029.8538
-577279.8538,-577279.8538
-27929.6875,-27929.6875
799999.9046,799999.9046
799842.2623,799842.2623
-469959.4498,-469959.4498
-140038.9671,-140038.9671
799999.9046,799999.9046
799999.9046,799999.9046
-361523.4375,-361523.4375
-251845.3598,-251845.3598
799501.6098,799501.6098
799999.9046,799999.9046
-248242.1875,-248242.1875
-359255.3139,-359255.3139
794313.9076,794313.9076
799999.9046,799999.9046
-140136.7188,-140136.7188
-450091.6481,-450091.6481
778411.9606,778411.9606
799999.9046,799999.9046
-28710.9375,-28710.9375
-531946.5637,-531946.5637
746692.6575,746692.6575
799999.9046,799999.9046
83691.40625,83691.40625
-598532.5813,-598532.5813
705759.1438,705759.1438
799999.9046,799999.9046
194824.2188,194824.2188
-658446.8842,-658446.8842
653661.7279,653661.7279
799999.9046,799999.9046
305371.0938,305371.0938
-704858.9706,-704858.9706
591284.7519,591284.7519
799999.9046,799999.9046
414837.9326,414837.9326
-743150.8064,-743150.8064
516789.5317,516789.5317
799999.9046,799999.9046
524335.9566,524335.9566
-768080.8067,-768080.8067
435053.4439,435053.4439
799999.9046,799999.9046
626382.4463,626382.4463
-772988.224,-772988.224
341625.309,341625.309
799999.9046,799999.9046
705349.7314,705349.7314
-751488.3041,-751488.3041
243990.1352,243990.1352
799999.9046,799999.9046
760602.3788,760602.3788
-699786.9492,-699786.9492
133227.5391,133227.5391
799999.9046,799999.9046
790174.1982,790174.1982
-620447.6357,-620447.6357
25585.9375,25585.9375
799999.9046,799999.9046
799121.4752,799121.4752
-517090.2252,-517090.2252
-83984.375,-83984.375
799999.9046,799999.9046
799999.7139,799999.7139
-409570.0264,-409570.0264
-195055.6755,-195055.6755
799938.488,799938.488
799999.9046,799999.9046
-297167.9688,-297167.9688
-303247.4518,-303247.4518
798169.3268,798169.3268
799999.9046,799999.9046
-186718.75,-186718.75
-405341.4345,-405341.4345
787177.372,787177.372
799999.9046,799999.9046
-74902.34375,-74902.34375
-491146.6599,-491146.6599
764681.8161,764681.8161
799999.9046,799999.9046
33691.40625,33691.40625
-564822.1016,-564822.1016
728493.9766,728493.9766
799999.9046,799999.9046
144335.9375,144335.9375
-625043.0107,-625043.0107
682660.1982,682660.1982
799999.9046,799999.9046
252832.0313,252832.0313
-681570.9114,-681570.9114
625027.9427,625027.9427
799999.9046,799999.9046
367086.0291,367086.0291
-724062.0613,-724062.0613
556585.4073,556585.4073
799999.9046,799999.9046
474273.9677,474273.9677
-755953.9795,-755953.9795
480215.168,480215.168
799999.9046,799999.9046
579538.1546,579538.1546
-773315.6204,-773315.6204
393679.7142,393679.7142
799999.9046,799999.9046
667995.2621,667995.2621
-768347.7402,-768347.7402
295957.9468,295957.9468
799999.9046,799999.9046
737829.3037,737829.3037
-728786.4685,-728786.4685
190859.5085,190859.5085
799999.9046,799999.9046
779084.8732,779084.8732
-661692.6193,-661692.6193
81142.99774,81142.99774
799999.9046,799999.9046
797364.9979,797364.9979
-560353.2791,-560353.2791
-29101.5625,-29101.5625
799999.9046,799999.9046
799905.2048,799905.2048
-462112.236,-462112.236
-141406.1546,-141406.1546
799999.9046,799999.9046
799999.9046,799999.9046
-353222.6563,-353222.6563
-250709.1522,-250709.1522
799537.2772,799537.2772
799999.9046,799999.9046
-239355.4688,-239355.4688
-356525.2304,-356525.2304
794904.1367,794904.1367
799999.9046,799999.9046
-127539.0625,-127539.0625
-446775.6271,-446775.6271
777732.6584,777732.6584
799999.9046,799999.9046
-20214.84375,-20214.84375
-530105.3047,-530105.3047
748855.3047,748855.3047
799999.9046,799999.9046
93164.0625,93164.0625
-598184.7763,-598184.7763
708243.3701,708243.3701
799999.9046,799999.9046
202539.0625,202539.0625
-655231.1897,-655231.1897
654059.3147,654059.3147
799999.9046,799999.9046
314160.1563,314160.1563
-703327.4651,-703327.4651
592096.9963,592096.9963
799999.9046,799999.9046
423659.5154,423659.5154
-739930.8205,-739930.8205
519591.6176,519591.6176
799999.9046,799999.9046
533767.4141,533767.4141
-766417.5034,-766417.5034
441927.5284,441927.5284
799999.9046,799999.9046
632318.1152,632318.1152
-771531.9633,-771531.9633
347612.2856,347612.2856
799999.9046,799999.9046
709358.8829,709358.8829
-748353.5767,-748353.5767
247686.1,247686.1
799999.9046,799999.9046
764009.9525,764009.9525
-695440.6738,-695440.6738
139048.0042,139048.0042
799999.9046,799999.9046
791422.7486,791422.7486
-613200.0923,-613200.0923
30078.125,30078.125
799999.9046,799999.9046
799233.4366,799233.4366
-509682.6553,-509682.6553
-76757.8125,-76757.8125
799999.9046,799999.9046
799999.9046,799999.9046
-398437.5,-398437.5
-189998.3406,-189998.3406
799959.2781,799959.2781
799999.9046,799999.9046
-287500,-287500
-296678.3524,-296678.3524
798436.1649,798436.1649
799999.9046,799999.9046
-177929.6875,-177929.6875
-396651.3634,-396651.3634
789034.1759,789034.1759
799999.9046,799999.9046
-64355.46875,-64355.46875
-484383.6784,-484383.6784
766512.5847,766512.5847
799999.9046,799999.9046
43847.65625,43847.65625
-557248.6877,-557248.6877
731565.094,731565.094
799999.9046,799999.9046
154980.4688,154980.4688
-622826.767,-622826.767
685326.767,685326.767
799999.9046,799999.9046
266503.9063,266503.9063
-677745.533,-677745.533
627452.5642,627452.5642
799999.9046,799999.9046
375371.6469,375371.6469
-719991.3979,-719991.3979
561026.0963,561026.0963
799999.9046,799999.9046
483636.1885,483636.1885
-754303.8368,-754303.8368
484632.4921,484632.4921
799999.9046,799999.9046
590049.1714,590049.1714
-771938.5147,-771938.5147
395854.2824,395854.2824
799999.9046,799999.9046
676756.2866,676756.2866
-761342.144,-761342.144
301773.262,301773.262
799999.9046,799999.9046
741730.69,741730.69
-723946.476,-723946.476
193446.2547,193446.2547
799999.9046,799999.9046
782504.8447,782504.8447
-652900.6004,-652900.6004
83188.72452,83188.72452
799999.9046,799999.9046
797413.3492,797413.3492
-557569.5992,-557569.5992
-29101.5625,-29101.5625
799999.9046,799999.9046
799950.8858,799950.8858
-451513.3858,-451513.3858
-139453.0296,-139453.0296
799999.9046,799999.9046
799999.9046,799999.9046
-342968.75,-342968.75
-251253.0327,-251253.0327
799495.2202,799495.2202
799999.9046,799999.9046
-233496.0938,-233496.0938
-354516.4108,-354516.4108
794848.4421,794848.4421
799999.9046,799999.9046
-120703.125,-120703.125
-448450.3746,-448450.3746
778430.8434,778430.8434
799999.9046,799999.9046
-11230.46875,-11230.46875
-530452.0607,-530452.0607
747932.5294,747932.5294
799999.9046,799999.9046
98242.1875,98242.1875
-598909.0919,-598909.0919
706233.3107,706233.3107
799999.9046,799999.9046
209570.3125,209570.3125
-656277.1797,-656277.1797
655105.3047,655105.3047
799999.9046,799999.9046
321191.4063,321191.4063
-705351.0666,-705351.0666
589726.0666,589726.0666
799999.9046,799999.9046
429912.6625,429912.6625
-741630.7449,-741630.7449
518358.7074,518358.7074
799999.9046,799999.9046
538240.5281,538240.5281
-767475.0328,-767475.0328
437632.9422,437632.9422
799999.9046,799999.9046
635600.3761,635600.3761
-771588.1348,-771588.1348
345069.6945,345069.6945
799999.9046,799999.9046
713001.8234,713001.8234
-747486.3052,-747486.3052
243664.1693,243664.1693
799999.9046,799999.9046
765117.0731,765117.0731
-692864.3227,-692864.3227
138294.1246,138294.1246
799999.9046,799999.9046
792322.9218,792322.9218
-608338.5468,-608338.5468
29296.875,29296.875
799999.9046,799999.9046
799393.4631,799393.4631
-503006.7444,-503006.7444
-78613.28125,-78613.28125
799999.9046,799999.9046
799999.9046,799999.9046
-394042.9688,-394042.9688
-190386.5814,-190386.5814
799956.8939,799956.8939
799999.9046,799999.9046
-283203.125,-283203.125
-296167.7551,-296167.7551
798023.2239,798023.2239
799999.9046,799999.9046
-171777.3438,-171777.3438
-398851.6808,-398851.6808
788304.8058,788304.8058
799999.9046,799999.9046
-59765.625,-59765.625
-488125.515,-488125.515
765371.6087,765371.6087
799999.9046,799999.9046
51562.5,51562.5
-563431.1676,-563431.1676
729251.4801,729251.4801
799999.9046,799999.9046
160351.5625,160351.5625
-626831.3408,-626831.3408
684057.9033,684057.9033
799999.9046,799999.9046
270410.1563,270410.1563
-679443.264,-679443.264
625537.014,625537.014
799999.9046,799999.9046
382688.2362,382688.2362
-723219.8715,-723219.8715
558402.729,558402.729
799999.9046,799999.9046
492604.0649,492604.0649
-755929.3747,-755929.3747
481879.9973,481879.9973
799999.9046,799999.9046
595584.1064,595584.1064
-771519.1841,-771519.1841
392732.048,392732.048
799999.9046,799999.9046
681775.856,681775.856
-759878.0632,-759878.0632
295192.0509,295192.0509
799999.9046,799999.9046
745427.3224,745427.3224
-718357.2769,-718357.2769
189238.6436,189238.6436
799999.9046,799999.9046
783531.3797,783531.3797
-647971.2486,-647971.2486
79967.21268,79967.21268
799999.9046,799999.9046
797702.5032,797702.5032
-552194.6907,-552194.6907
-31250,-31250
799999.9046,799999.9046
799974.1554,799974.1554
-441868.6867,-441868.6867
-141894.4359,-141894.4359
799999.9046,799999.9046
799999.9046,799999.9046
-332519.5313,-332519.5313
-250599.1936,-250599.1936
799524.9748,799524.9748
799999.9046,799999.9046
-222753.9063,-222753.9063
-356682.1098,-356682.1098
794279.7661,794279.7661
799999.9046,799999.9046
-112597.6563,-112597.6563
-453227.9968,-453227.9968
778325.6531,778325.6531
799999.9046,799999.9046
-3125,-3125
-533402.9198,-533402.9198
748832.6073,748832.6073
799999.9046,799999.9046
108398.4375,108398.4375
-601061.821,-601061.821
707018.8522,707018.8522
799999.9046,799999.9046
218652.3438,218652.3438
-660933.1131,-660933.1131
656245.6131,656245.6131
799999.9046,799999.9046
329687.3093,329687.3093
-706703.8536,-706703.8536
591762.5427,591762.5427
799999.9046,799999.9046
439660.9306,439660.9306
-743926.4297,-743926.4297
517644.4054,517644.4054
799999.9046,799999.9046
545839.6912,545839.6912
-767540.3595,-767540.3595
435372.5433,435372.5433
799999.9046,799999.9046
643388.6528,643388.6528
-769594.0971,-769594.0971
344662.4756,344662.4756
799999.9046,799999.9046
718206.4056,718206.4056
-743351.6502,-743351.6502
240477.2758,240477.2758
799999.9046,799999.9046
767507.9346,767507.9346
-686696.0526,-686696.0526
132469.368,132469.368
799999.9046,799999.9046
793219.3756,793219.3756
-600445.9381,-600445.9381
23242.1875,23242.1875
799999.9046,799999.9046
799570.9419,799570.9419
-496738.9107,-496738.9107
-89160.15625,-89160.15625
799999.9046,799999.9046
799999.9046,799999.9046
-385449.2188,-385449.2188
-193328.476,-193328.476
799969.101,799969.101
799999.9046,799999.9046
-277246.0938,-277246.0938
-307668.5905,-307668.5905
798098.278,798098.278
799999.9046,799999.9046
-165429.6875,-165429.6875
-404897.4037,-404897.4037
788295.8412,788295.8412
799999.9046,799999.9046
-53613.28125,-53613.28125
-494093.5135,-494093.5135
764699.0776,764699.0776
799999.9046,799999.9046
67871.09375,67871.09375
-570934.5818,-570934.5818
729137.7068,729137.7068
799999.9046,799999.9046
166601.5625,166601.5625
-632551.6701,-632551.6701
682063.3888,682063.3888
799999.9046,799999.9046
277636.7188,277636.7188
-685554.9812,-685554.9812
626472.95,626472.95
799999.9046,799999.9046
387848.0911,387848.0911
-726053.4286,-726053.4286
557541.275,557541.275
799999.9046,799999.9046
497058.4869,497058.4869
-757142.8299,-757142.8299
478053.093,478053.093
799999.9046,799999.9046
598969.6503,598969.6503
-771321.6782,-771321.6782
389344.2154,389344.2154
799999.9046,799999.9046
684414.2914,684414.2914
-758893.1084,-758893.1084
291861.6295,291861.6295
799999.9046,799999.9046
747986.7935,747986.7935
-717499.0654,-717499.0654
187090.3969,187090.3969
799999.9046,799999.9046
784267.4255,784267.4255
-644899.8451,-644899.8451
77624.60709,77624.60709
799999.9046,799999.9046
797899.2462,797899.2462
-547996.9025,-547996.9025
-33984.375,-33984.375
799999.9046,799999.9046
799972.7249,799972.7249
-439035.2249,-439035.2249
-140429.5921,-140429.5921
799999.9046,799999.9046
799999.9046,799999.9046
-328222.6563,-328222.6563
-251031.971,-251031.971
799567.1272,799567.1272
799999.9046,799999.9046
-218457.0313,-218457.0313
-356244.3733,-356244.3733
793939.6858,793939.6858
799999.9046,799999.9046
-107324.2188,-107324.2188
-451188.1828,-451188.1828
777555.3703,777555.3703
799999.9046,799999.9046
683.59375,683.59375
-532278.347,-532278.347
748391.6283,748391.6283
799999.9046,799999.9046
110742.1875,110742.1875
-599752.2354,-599752.2354
709127.2354,709127.2354
799999.9046,799999.9046
221484.375,221484.375
-658489.9902,-658489.9902
653802.4902,653802.4902
799999.9046,799999.9046
331835.9375,331835.9375
-706901.8364,-706901.8364
589714.3364,589714.3364
799999.9046,799999.9046
441728.9734,441728.9734
-744113.0638,-744113.0638
517227.8404,517227.8404
799999.9046,799999.9046
548388.195,548388.195
-767138.4811,-767138.4811
434277.6299,434277.6299
799999.9046,799999.9046
643505.8594,643505.8594
-769814.2052,-769814.2052
340663.8145,340663.8145
799999.9046,799999.9046
717415.7143,717415.7143
-743446.5408,-743446.5408
239507.3891,239507.3891
799999.9046,799999.9046
768644.2375,768644.2375
-684017.9443,-684017.9443
132561.2068,132561.2068
799999.9046,799999.9046
793692.5888,793692.5888
-597501.1826,-597501.1826
17382.8125,17382.8125
799999.9046,799999.9046
799564.4569,799564.4569
-495072.2694,-495072.2694
-87597.65625,-87597.65625
799999.9046,799999.9046
799999.9046,799999.9046
-384082.0313,-384082.0313
-199450.5882,-199450.5882
799938.8695,799938.8695
799999.9046,799999.9046
-274902.3438,-274902.3438
-308859.7298,-308859.7298
798019.886,798019.886
799999.9046,799999.9046
-162402.3438,-162402.3438
-409398.6511,-409398.6511
788011.9324,788011.9324
799999.9046,799999.9046
-54101.5625,-54101.5625
-495065.2122,-495065.2122
764596.4622,764596.4622
799999.9046,799999.9046
54492.1875,54492.1875
-569359.3979,-569359.3979
728929.7104,728929.7104
799999.9046,799999.9046
166992.1875,166992.1875
-633900.2609,-633900.2609
680579.9484,680579.9484
799999.9046,799999.9046
277148.4375,277148.4375
-685305.4047,-685305.4047
621340.5609,621340.5609
799999.9046,799999.9046
386679.2679,386679.2679
-728610.8971,-728610.8971
554236.3167,554236.3167
799999.9046,799999.9046
493386.0779,493386.0779
-760304.2603,-760304.2603
474047.0886,474047.0886
799999.9046,799999.9046
597065.4488,597065.4488
-773148.5367,-773148.5367
387606.5254,387606.5254
799999.9046,799999.9046
680981.636,680981.636
-761181.3545,-761181.3545
291625.4997,291625.4997
799999.9046,799999.9046
745877.2659,745877.2659
-719817.3523,-719817.3523
185268.2114,185268.2114
799999.9046,799999.9046
783791.0652,783791.0652
-646085.2623,-646085.2623
76844.97833,76844.97833
799999.9046,799999.9046
797740.5548,797740.5548
-549888.9923,-549888.9923
-32324.21875,-32324.21875
799999.9046,799999.9046
799975.5859,799975.5859
-442749.0234,-442749.0234
-143163.8718,-143163.8718
799999.8093,799999.8093
799999.9046,799999.9046
-332519.5313,-332519.5313
-253938.7703,-253938.7703
799544.239,799544.239
799999.9046,799999.9046
-220605.4688,-220605.4688
-356968.8797,-356968.8797
794664.1922,794664.1922
799999.9046,799999.9046
-111230.4688,-111230.4688
-448627.4719,-448627.4719
777143.0969,777143.0969
799999.9046,799999.9046
-1074.21875,-1074.21875
-530084.8961,-530084.8961
746198.1773,746198.1773
799999.9046,799999.9046
110644.5313,110644.5313
-598987.2932,-598987.2932
707092.762,707092.762
799999.9046,799999.9046
220703.125,220703.125
-655110.4546,-655110.4546
653254.9858,653254.9858
799999.9046,799999.9046
331640.2435,331640.2435
-702653.3127,-702653.3127
591813.8504,591813.8504
799999.9046,799999.9046
438872.6234,438872.6234
-741634.1782,-741634.1782
519167.9001,519167.9001
799999.9046,799999.9046
547290.4205,547290.4205
-767223.5489,-767223.5489
435460.4721,435460.4721
799999.9046,799999.9046
640594.1963,640594.1963
-769371.3188,-769371.3188
344109.1537,344109.1537
799999.9046,799999.9046
716890.7166,716890.7166
-744626.9035,-744626.9035
241798.687,241798.687
799999.9046,799999.9046
768608.1886,768608.1886
-686397.6479,-686397.6479
134781.6467,134781.6467
799999.9046,799999.9046
792757.7972,792757.7972
-601449.2035,-601449.2035
25488.28125,25488.28125
799999.9046,799999.9046
799550.9148,799550.9148
-497109.5085,-497109.5085
-84570.3125,-84570.3125
799999.9046,799999.9046
799999.9046,799999.9046
-388964.8438,-388964.8438
-196339.798,-196339.798
799953.0792,799953.0792
799999.9046,799999.9046
-275195.3125,-275195.3125
-307290.7448,-307290.7448
797915.7448,797915.7448
799999.9046,799999.9046
-165136.7188,-165136.7188
-404021.3585,-404021.3585
787810.421,787810.421
799999.9046,799999.9046
-57226.5625,-57226.5625
-492969.2268,-492969.2268
763965.3206,763965.3206
799999.9046,799999.9046
53515.625,53515.625
-569916.6298,-569916.6298
727729.1298,727729.1298
799999.9046,799999.9046
162207.0313,162207.0313
-632212.5435,-632212.5435
680845.356,680845.356
799999.9046,799999.9046
269824.2188,269824.2188
-683879.4708,-683879.4708
621672.4396,621672.4396
799999.9046,799999.9046
380643.8446,380643.8446
-726011.0855,-726011.0855
553765.583,553765.583
799999.9046,799999.9046
490897.4648,490897.4648
-757649.231,-757649.231
477103.3287,477103.3287
799999.9046,799999.9046
593799.2096,593799.2096
-772793.1976,-772793.1976
388954.9255,388954.9255
799999.9046,799999.9046
680539.5126,680539.5126
-762757.5874,-762757.5874
291788.3873,291788.3873
799999.9046,799999.9046
743731.4987,743731.4987
-723289.9666,-723289.9666
187663.8412,187663.8412
799999.9046,799999.9046
782658.3862,782658.3862
-648669.7197,-648669.7197
79292.58347,79292.58347
799999.9046,799999.9046
797520.7329,797520.7329
-555333.2329,-555333.2329
-31347.65625,-31347.65625
799999.9046,799999.9046
799966.8121,799966.8121
-447037.1246,-447037.1246
-141796.7796,-141796.7796
799999.9046,799999.9046
799999.9046,799999.9046
-337109.375,-337109.375
-252545.3568,-252545.3568
799518.013,799518.013
799999.9046,799999.9046
-226562.5,-226562.5
-360008.5258,-360008.5258
794676.4946,794676.4946
799999.9046,799999.9046
-113476.5625,-113476.5625
-453672.2183,-453672.2183
777890.9683,777890.9683
799999.9046,799999.9046
-3613.28125,-3613.28125
-531867.3134,-531867.3134
748175.9071,748175.9071
799999.9046,799999.9046
106933.5938,106933.5938
-598492.6224,-598492.6224
706109.8099,706109.8099
799999.9046,799999.9046
216503.9063,216503.9063
-660503.4828,-660503.4828
655913.6391,655913.6391
799999.9046,799999.9046
327441.3109,327441.3109
-705147.4571,-705147.4571
590694.4275,590694.4275
799999.9046,799999.9046
437533.8554,437533.8554
-743407.6309,-743407.6309
518276.2146,518276.2146
799999.9046,799999.9046
544051.8379,544051.8379
-768238.2584,-768238.2584
437174.6063,437174.6063
799999.9046,799999.9046
639146.7094,639146.7094
-771248.0545,-771248.0545
344503.6888,344503.6888
799999.9046,799999.9046
715084.1713,715084.1713
-745933.5327,-745933.5327
236415.7677,236415.7677
799999.9046,799999.9046
767548.3704,767548.3704
-687807.1785,-687807.1785
130512.7144,130512.7144
799999.9046,799999.9046
791997.3373,791997.3373
-603130.1498,-603130.1498
22949.21875,22949.21875
799999.9046,799999.9046
799434.4711,799434.4711
-502266.5024,-502266.5024
-87109.375,-87109.375
799999.9046,799999.9046
799999.9046,799999.9046
-391113.2813,-391113.2813
-198477.1729,-198477.1729
799942.0166,799942.0166
799999.9046,799999.9046
-282714.8438,-282714.8438
-306508.0643,-306508.0643
798011.9705,798011.9705
799999.9046,799999.9046
-169921.875,-169921.875
-410034.9426,-410034.9426
787964.6301,787964.6301
799999.9046,799999.9046
-60253.90625,-60253.90625
-496387.7678,-496387.7678
764747.1428,764747.1428
799999.9046,799999.9046
49414.0625,49414.0625
-568034.1721,-568034.1721
728483.3908,728483.3908
799999.9046,799999.9046
160839.8438,160839.8438
-631184.4826,-631184.4826
679524.3263,679524.3263
799999.9046,799999.9046
269726.5625,269726.5625
-685279.5601,-685279.5601
622584.2476,622584.2476
799999.9046,799999.9046
380735.9695,380735.9695
-729294.9677,-729294.9677
554320.7169,554320.7169
799999.9046,799999.9046
490686.512,490686.512
-758357.3341,-758357.3341
477338.7909,477338.7909
799999.9046,799999.9046
590997.8867,590997.8867
-773101.5205,-773101.5205
390111.4464,390111.4464
799999.9046,799999.9046
678352.1652,678352.1652
-763592.9108,-763592.9108
294029.808,294029.808
799999.9046,799999.9046
745206.6422,745206.6422
-722181.6063,-722181.6063
185568.7141,185568.7141
799999.9046,799999.9046
782405.1857,782405.1857
-650659.3704,-650659.3704
77043.24722,77043.24722
799999.9046,799999.9046
797501.564,797501.564
-555802.3453,-555802.3453
-34667.96875,-34667.96875
799999.9046,799999.9046
799971.7712,799971.7712
-446260.8337,-446260.8337
-146386.4326,-146386.4326
799999.7139,799999.7139
799999.9046,799999.9046
-335058.5938,-335058.5938
-256683.2542,-256683.2542
799456.6917,799456.6917
799999.9046,799999.9046
-227050.7813,-227050.7813
-361501.5984,-361501.5984
794509.4109,794509.4109
799999.9046,799999.9046
-114355.4688,-114355.4688
-453553.1044,-453553.1044
777283.5732,777283.5732
799999.9046,799999.9046
-3515.625,-3515.625
-536707.8781,-536707.8781
748426.6281,748426.6281
799999.9046,799999.9046
105566.4063,105566.4063
-605043.6974,-605043.6974
706508.5411,706508.5411
799999.9046,799999.9046
215722.6563,215722.6563
-664548.5878,-664548.5878
652634.5253,652634.5253
799999.9046,799999.9046
326757.8125,326757.8125
-708237.8387,-708237.8387
588315.9637,588315.9637
799999.9046,799999.9046
436359.5963,436359.5963
-744611.5494,-744611.5494
514501.8578,514501.8578
799999.9046,799999.9046
542184.639,542184.639
-769096.4699,-769096.4699
433747.8638,433747.8638
799999.9046,799999.9046
637259.1019,637259.1019
-772726.7265,-772726.7265
340448.1888,340448.1888
799999.9046,799999.9046
714069.4618,714069.4618
-745681.9534,-745681.9534
240987.4916,240987.4916
799999.9046,799999.9046
765935.8978,765935.8978
-690141.4871,-690141.4871
130260.3722,130260.3722
799999.9046,799999.9046
792330.8372,792330.8372
-606783.9622,-606783.9622
20605.46875,20605.46875
799999.9046,799999.9046
799488.163,799488.163
-501929.5692,-501929.5692
-87792.96875,-87792.96875
799999.9046,799999.9046
799999.9046,799999.9046
-390820.3125,-390820.3125
-202756.7863,-202756.7863
799924.7551,799924.7551
799999.9046,799999.9046
-282421.875,-282421.875
-307858.8486,-307858.8486
798093.2236,798093.2236
799999.9046,799999.9046
-171484.375,-171484.375
-409940.3381,-409940.3381
787479.4006,787479.4006
799999.9046,799999.9046
-61035.15625,-61035.15625
-494120.8839,-494120.8839
763945.1027,763945.1027
799999.9046,799999.9046
48535.15625,48535.15625
-571769.3329,-571769.3329
727042.7704,727042.7704
799999.9046,799999.9046
159765.625,159765.625
-632767.9634,-632767.9634
680131.2447,680131.2447
799999.9046,799999.9046
270605.4688,270605.4688
-686401.0811,-686401.0811
621654.9873,621654.9873
799999.9046,799999.9046
380641.3651,380641.3651
-725993.3472,-725993.3472
553750.4196,553750.4196
799999.9046,799999.9046
489056.1104,489056.1104
-756720.9244,-756720.9244
476649.189,476649.189
799999.9046,799999.9046
592580.4138,592580.4138
-773588.0852,-773588.0852
389601.4214,389601.4214
799999.9046,799999.9046
679106.5216,679106.5216
-762386.1313,-762386.1313
292361.6409,292361.6409
799999.9046,799999.9046
742982.0061,742982.0061
-721613.7886,-721613.7886
187127.8763,187127.8763
799999.9046,799999.9046
782795.5246,782795.5246
-649393.5585,-649393.5585
73043.34641,73043.34641
799999.9046,799999.9046
797628.7842,797628.7842
-554367.0654,-554367.0654
-38574.21875,-38574.21875
799999.9046,799999.9046
799959.0874,799959.0874
-446443.4624,-446443.4624
-147070.0264,-147070.0264
799999.7139,799999.7139
799999.9046,799999.9046
-335742.1875,-335742.1875
-256024.7421,-256024.7421
799481.7734,799481.7734
799999.9046,799999.9046
-226562.5,-226562.5
-360330.1048,-360330.1048
794314.4798,794314.4798
799999.9046,799999.9046
-115917.9688,-115917.9688
-454081.1539,-454081.1539
777225.6851,777225.6851
799999.9046,799999.9046
-6250,-6250
-537285.7094,-537285.7094
745293.5219,745293.5219
799999.9046,799999.9046
105371.0938,105371.0938
-605096.3402,-605096.3402
704022.1214,704022.1214
799999.9046,799999.9046
214843.75,214843.75
-660479.8317,-660479.8317
650128.2692,650128.2692
799999.9046,799999.9046
325292.6826,325292.6826
-707403.5645,-707403.5645
587579.6318,587579.6318
799999.9046,799999.9046
434998.5123,434998.5123
-745295.2385,-745295.2385
514300.6325,514300.6325
799999.9046,799999.9046
539624.5956,539624.5956
-770424.4614,-770424.4614
431190.4907,431190.4907
799999.9046,799999.9046
636498.8327,636498.8327
-772205.3528,-772205.3528
337269.0201,337269.0201
799999.9046,799999.9046
713670.1584,713670.1584
-747429.0848,-747429.0848
236395.6451,236395.6451
799999.9046,799999.9046
765694.4275,765694.4275
-691353.5118,-691353.5118
129565.3343,129565.3343
799999.9046,799999.9046
792005.4436,792005.4436
-606556.2248,-606556.2248
14453.125,14453.125
799999.9046,799999.9046
799414.1579,799414.1579
-503808.6891,-503808.6891
-93750,-93750
799999.9046,799999.9046
799999.9046,799999.9046
-395019.5313,-395019.5313
-202878.4752,-202878.4752
799948.7877,799948.7877
799999.9046,799999.9046
-284277.3438,-284277.3438
-313319.5877,-313319.5877
797792.244,797792.244
799999.9046,799999.9046
-172265.625,-172265.625
-411747.9324,-411747.9324
787236.2137,787236.2137
799999.9046,799999.9046
-63085.9375,-63085.9375
-498264.5035,-498264.5035
763108.2535,763108.2535
799999.9046,799999.9046
45996.09375,45996.09375
-572328.0907,-572328.0907
727796.8407,727796.8407
799999.9046,799999.9046
157714.8438,157714.8438
-637215.1375,-637215.1375
680672.1687,680672.1687
799999.9046,799999.9046
269921.875,269921.875
-685943.985,-685943.985
619635.3912,619635.3912
799999.9046,799999.9046
378204.155,378204.155
-727301.5976,-727301.5976
551538.9442,551538.9442
799999.9046,799999.9046
489942.7414,489942.7414
-760092.4492,-760092.4492
470149.7078,470149.7078
799999.9046,799999.9046
590280.1514,590280.1514
-773720.932,-773720.932
385003.2806,385003.2806
799999.9046,799999.9046
678810.0243,678810.0243
-763733.5777,-763733.5777
287560.2722,287560.2722
799999.9046,799999.9046
744072.3419,744072.3419
-722407.8178,-722407.8178
180288.6009,180288.6009
799999.9046,799999.9046
782883.0719,782883.0719
-649775.0282,-649775.0282
71970.08133,71970.08133
799999.9046,799999.9046
797432.8995,797432.8995
-552511.0245,-552511.0245
-39941.40625,-39941.40625
799999.9046,799999.9046
799966.6214,799966.6214
-445962.7151,-445962.7151
-151171.4935,-151171.4935
799999.6185,799999.6185
799999.9046,799999.9046
-337695.3125,-337695.3125
-260732.3647,-260732.3647
799501.8959,799501.8959
799999.9046,799999.9046
-226269.5313,-226269.5313
-365008.0681,-365008.0681
794011.9743,794011.9743
799999.9046,799999.9046
-114941.4063,-114941.4063
-458244.6098,-458244.6098
776603.9848,776603.9848
799999.9046,799999.9046
-5468.75,-5468.75
-538611.2213,-538611.2213
745251.8463,745251.8463
799999.9046,799999.9046
103710.9375,103710.9375
-603441.7152,-603441.7152
703929.9965,703929.9965
799999.9046,799999.9046
211718.75,211718.75
-665341.9495,-665341.9495
650693.512,650693.512
799999.9046,799999.9046
323339.8438,323339.8438
-711621.2845,-711621.2845
587304.8782,587304.8782
799999.9046,799999.9046
436893.3678,436893.3678
-744846.9162,-744846.9162
515375.4234,515375.4234
799999.9046,799999.9046
541946.3158,541946.3158
-769558.7158,-769558.7158
428881.9313,428881.9313
799999.9046,799999.9046
636211.8721,636211.8721
-773071.0983,-773071.0983
339105.32,339105.32
799999.9046,799999.9046
714571.8575,714571.8575
-747014.7133,-747014.7133
233614.7308,233614.7308
799999.9046,799999.9046
766467.4759,766467.4759
-690690.6128,-690690.6128
128617.6682,128617.6682
799999.9046,799999.9046
792363.4529,792363.4529
-606718.9217,-606718.9217
13769.53125,13769.53125
799999.9046,799999.9046
799411.5829,799411.5829
-502829.5517,-502829.5517
-96679.6875,-96679.6875
799999.9046,799999.9046
799999.9046,799999.9046
-393457.0313,-393457.0313
-207072.8302,-207072.8302
799943.924,799943.924
799999.9046,799999.9046
-282128.9063,-282128.9063
-314668.56,-314668.56
797774.0288,797774.0288
799999.9046,799999.9046
-171582.0313,-171582.0313
-415648.2697,-415648.2697
787425.6134,787425.6134
799999.9046,799999.9046
-61425.78125,-61425.78125
-500901.9852,-500901.9852
762718.3914,762718.3914
799999.9046,799999.9046
47851.5625,47851.5625
-574787.1399,-574787.1399
725568.3899,725568.3899
799999.9046,799999.9046
158593.75,158593.75
-637377.6436,-637377.6436
677612.0186,677612.0186
799999.9046,799999.9046
268359.375,268359.375
-687018.9667,-687018.9667
618659.5917,618659.5917
799999.9046,799999.9046
378795.6238,378795.6238
-732218.0748,-732218.0748
548344.4214,548344.4214
799999.9046,799999.9046
489167.4995,489167.4995
-760232.1625,-760232.1625
470478.7254,470478.7254
799999.9046,799999.9046
590666.3895,590666.3895
-775645.5421,-775645.5421
381268.2152,381268.2152
799999.9046,799999.9046
677638.34,677638.34
-764240.8371,-764240.8371
282110.405,282110.405
799999.9046,799999.9046
743023.2048,743023.2048
-723072.7196,-723072.7196
177705.7648,177705.7648
799999.9046,799999.9046
782157.7072,782157.7072
-651981.2584,-651981.2584
70604.80118,70604.80118
799999.9046,799999.9046
797373.0087,797373.0087
-558310.5087,-558310.5087
-42675.78125,-42675.78125
799999.9046,799999.9046
799956.131,799956.131
-448295.9747,-448295.9747
-151464.4623,-151464.4623
799999.6185,799999.6185
799999.9046,799999.9046
-339648.4375,-339648.4375
-263541.317,-263541.317
799478.817,799478.817
799999.9046,799999.9046
-230664.0625,-230664.0625
-370661.5448,-370661.5448
794099.0448,794099.0448
799999.9046,799999.9046
-119433.5938,-119433.5938
-460796.4516,-460796.4516
777007.3891,777007.3891
799999.9046,799999.9046
-10253.90625,-10253.90625
-537404.3465,-537404.3465
745705.1277,745705.1277
799999.9046,799999.9046
99023.4375,99023.4375
-605599.1173,-605599.1173
703353.0235,703353.0235
799999.9046,799999.9046
209960.9375,209960.9375
-661954.689,-661954.689
649747.6578,649747.6578
799999.9046,799999.9046
322070.3125,322070.3125
-708186.0542,-708186.0542
586408.7105,586408.7105
799999.9046,799999.9046
431036.8538,431036.8538
-745849.4186,-745849.4186
512761.7836,512761.7836
799999.9046,799999.9046
538354.2061,538354.2061
-769846.344,-769846.344
429246.0442,429246.0442
799999.9046,799999.9046
636157.5127,636157.5127
-774058.342,-774058.342
337119.4839,337119.4839
799999.9046,799999.9046
712741.6611,712741.6611
-748482.7995,-748482.7995
235252.8572,235252.8572
799999.9046,799999.9046
765178.9665,765178.9665
-692460.3462,-692460.3462
124839.9734,124839.9734
799999.9046,799999.9046
792158.5083,792158.5083
-609834.2896,-609834.2896
12988.28125,12988.28125
799999.9046,799999.9046
799397.2778,799397.2778
-505744.9341,-505744.9341
-97265.625,-97265.625
799999.9046,799999.9046
799999.9046,799999.9046
-395800.7813,-395800.7813
-207070.3506,-207070.3506
799941.4444,799941.4444
799999.9046,799999.9046
-286230.4688,-286230.4688
-312360.7635,-312360.7635
798102.951,798102.951
799999.9046,799999.9046
-176171.875,-176171.875
-414998.6267,-414998.6267
787557.2205,787557.2205
799999.9046,799999.9046
-63281.25,-63281.25
-500190.1627,-500190.1627
764447.9752,764447.9752
799999.9046,799999.9046
47070.3125,47070.3125
-576643.4669,-576643.4669
724495.0294,724495.0294
799999.9046,799999.9046
156152.3438,156152.3438
-640503.9787,-640503.9787
678199.2912,678199.2912
799999.9046,799999.9046
266992.1875,266992.1875
-692551.5175,-692551.5175
618723.3925,618723.3925
799999.9046,799999.9046
375475.502,375475.502
-735895.6337,-735895.6337
551240.4442,551240.4442
799999.9046,799999.9046
486069.0117,486069.0117
-763180.1605,-763180.1605
468126.7738,468126.7738
799999.9046,799999.9046
588925.1709,588925.1709
-776192.379,-776192.379
379552.269,379552.269
799999.9046,799999.9046
676310.4439,676310.4439
-764629.6501,-764629.6501
280506.7062,280506.7062
799999.9046,799999.9046
741982.3647,741982.3647
-725547.2183,-725547.2183
175752.3537,175752.3537
799999.9046,799999.9046
782081.9855,782081.9855
-654444.7899,-654444.7899
64062.11853,64062.11853
799999.9046,799999.9046
797357.9407,797357.9407
-558881.3782,-558881.3782
-45605.46875,-45605.46875
799999.9046,799999.9046
799940.1093,799940.1093
-451990.8905,-451990.8905
-156152.153,-156152.153
799999.8093,799999.8093
799999.9046,799999.9046
-342285.1563,-342285.1563
-265325.0694,-265325.0694
799504.7569,799504.7569
799999.9046,799999.9046
-229980.4688,-229980.4688
-372680.378,-372680.378
793774.128,793774.128
799999.9046,799999.9046
-121484.375,-121484.375
-464008.4267,-464008.4267
777192.0204,777192.0204
799999.9046,799999.9046
-10156.25,-10156.25
-542199.8024,-542199.8024
746984.9586,746984.9586
799999.9046,799999.9046
103027.3438,103027.3438
-611674.5949,-611674.5949
704155.0636,704155.0636
799999.9046,799999.9046
212402.3438,212402.3438
-668572.7119,-668572.7119
652361.7744,652361.7744
799999.9046,799999.9046
320800.7813,320800.7813
-712220.0966,-712220.0966
586829.4716,586829.4716
799999.9046,799999.9046
433610.63,433610.63
-748072.3381,-748072.3381
510848.4268,510848.4268
799999.9046,799999.9046
540850.7347,540850.7347
-770566.6542,-770566.6542
426102.6382,426102.6382
799999.9046,799999.9046
635442.8291,635442.8291
-775077.0569,-775077.0569
331724.0715,331724.0715
799999.9046,799999.9046
714552.3071,714552.3071
-748358.2497,-748358.2497
225700.4738,225700.4738
799999.9046,799999.9046
766176.6052,766176.6052
-691613.2927,-691613.2927
118014.8125,118014.8125
799999.9046,799999.9046
792337.7037,792337.7037
-609232.235,-609232.235
10546.875,10546.875
799999.9046,799999.9046
799414.3486,799414.3486
-505469.0361,-505469.0361
-99121.09375,-99121.09375
799999.9046,799999.9046
799999.9046,799999.9046
-395214.8438,-395214.8438
-213123.9891,-213123.9891
799940.3954,799940.3954
799999.9046,799999.9046
-283984.375,-283984.375
-320501.5182,-320501.5182
797747.612,797747.612
799999.9046,799999.9046
-175195.3125,-175195.3125
-420688.4384,-420688.4384
786899.3759,786899.3759
799999.9046,799999.9046
-62988.28125,-62988.28125
-504949.0929,-504949.0929
763054.5616,763054.5616
799999.9046,799999.9046
46875,46875
-580788.3263,-580788.3263
724440.67,724440.67
799999.9046,799999.9046
157128.9063,157128.9063
-641013.0501,-641013.0501
675876.3313,675876.3313
799999.9046,799999.9046
267968.75,267968.75
-696011.734,-696011.734
615347.6715,615347.6715
799999.9046,799999.9046
378500.9384,378500.9384
-735052.7763,-735052.7763
548739.3379,548739.3379
799999.9046,799999.9046
487898.922,487898.922
-760941.9823,-760941.9823
466792.9649,466792.9649
799999.9046,799999.9046
590334.7015,590334.7015
-775711.8225,-775711.8225
379615.4022,379615.4022
799999.9046,799999.9046
676752.2812,676752.2812
-764904.4991,-764904.4991
280339.6225,280339.6225
799999.9046,799999.9046
743883.419,743883.419
-722914.2189,-722914.2189
175124.5499,175124.5499
799999.9046,799999.9046
782941.3414,782941.3414
-653253.2692,-653253.2692
64843.1778,64843.1778
799999.9046,799999.9046
797605.9914,797605.9914
-557762.2414,-557762.2414
-47949.21875,-47949.21875
799999.9046,799999.9046
799963.3789,799963.3789
-448889.1602,-448889.1602
-156542.2058,-156542.2058
799999.2371,799999.2371
799999.9046,799999.9046
-336035.1563,-336035.1563
-267089.0808,-267089.0808
799413.2996,799413.2996
799999.9046,799999.9046
-228613.2813,-228613.2813
-375622.654,-375622.654
793786.7165,793786.7165
799999.9046,799999.9046
-117968.75,-117968.75
-464096.7369,-464096.7369
776499.0807,776499.0807
799999.9046,799999.9046
-5468.75,-5468.75
-544779.7775,-544779.7775
744584.465,744584.465
799999.9046,799999.9046
105468.75,105468.75
-612666.7023,-612666.7023
703096.3898,703096.3898
799999.9046,799999.9046
216015.625,216015.625
-669578.4569,-669578.4569
648484.7069,648484.7069
799999.9046,799999.9046
326953.125,326953.125
-713732.0518,-713732.0518
583360.9581,583360.9581
799999.9046,799999.9046
436083.7936,436083.7936
-750180.8167,-750180.8167
507553.9589,507553.9589
799999.9046,799999.9046
542439.27,542439.27
-772201.1566,-772201.1566
420289.2303,420289.2303
799999.9046,799999.9046
640310.6689,640310.6689
-772912.693,-772912.693
328695.7741,328695.7741
799999.9046,799999.9046
717696.6667,717696.6667
-743840.5037,-743840.5037
223897.7432,223897.7432
799999.9046,799999.9046
768976.3069,768976.3069
-686701.5839,-686701.5839
114111.9957,114111.9957
799999.9046,799999.9046
793095.1118,793095.1118
-603544.3306,-603544.3306
4687.5,4687.5
799999.9046,799999.9046
799560.9283,799560.9283
-498779.6783,-498779.6783
-107714.8438,-107714.8438
799999.9046,799999.9046
799999.9046,799999.9046
-378320.3125,-378320.3125
-220610.6186,-220610.6186
799907.4936,799907.4936
799999.9046,799999.9046
-279003.9063,-279003.9063
-321923.7328,-321923.7328
797509.6703,797509.6703
799999.9046,799999.9046
-168066.4063,-168066.4063
-422771.8353,-422771.8353
785467.1478,785467.1478
799999.9046,799999.9046
-59375,-59375
-508573.1506,-508573.1506
760623.9319,760623.9319
799999.9046,799999.9046
50585.9375,50585.9375
-579733.5625,-579733.5625
722311.6875,722311.6875
799999.9046,799999.9046
162988.2813,162988.2813
-641805.3627,-641805.3627
673934.269,673934.269
799999.9046,799999.9046
274707.0313,274707.0313
-691875.1717,-691875.1717
613750.1717,613750.1717
799999.9046,799999.9046
385015.0108,385015.0108
-732985.0197,-732985.0197
542696.5714,542696.5714
799999.9046,799999.9046
491836.6432,491836.6432
-762788.3911,-762788.3911
463529.7775,463529.7775
799999.9046,799999.9046
596872.0436,596872.0436
-775266.6473,-775266.6473
374683.6662,374683.6662
799999.9046,799999.9046
680104.6371,680104.6371
-762233.8295,-762233.8295
275586.2236,275586.2236
799999.9046,799999.9046
744446.8498,744446.8498
-720085.3348,-720085.3348
168411.9225,168411.9225
799999.9046,799999.9046
783031.559,783031.559
-647972.9652,-647972.9652
55371.09375,55371.09375
799999.9046,799999.9046
797824.0967,797824.0967
-550949.0967,-550949.0967
-53613.28125,-53613.28125
799999.9046,799999.9046
799971.5805,799971.5805
-443330.9555,-443330.9555
-161620.0447,-161620.0447
799998.951,799998.951
799999.9046,799999.9046
-333105.4688,-333105.4688
-269786.4532,-269786.4532
799376.297,799376.297
799999.9046,799999.9046
-222070.3125,-222070.3125
-378691.6733,-378691.6733
793144.7983,793144.7983
799999.9046,799999.9046
-109472.6563,-109472.6563
-468517.3035,-468517.3035
775255.5847,775255.5847
799999.9046,799999.9046
1464.84375,1464.84375
-546561.3365,-546561.3365
743143.3678,743143.3678
799999.9046,799999.9046
110058.5938,110058.5938
-615516.8533,-615516.8533
698622.3221,698622.3221
799999.9046,799999.9046
219824.2188,219824.2188
-670903.6827,-670903.6827
645903.6827,645903.6827
799999.9046,799999.9046
328808.4984,328808.4984
-714922.142,-714922.142
579180.1453,579180.1453
799999.9046,799999.9046
440469.3604,440469.3604
-749847.9843,-749847.9843
504788.7802,504788.7802
799999.9046,799999.9046
547475.4333,547475.4333
-771990.8714,-771990.8714
420999.8131,420999.8131
799999.9046,799999.9046
642722.702,642722.702
-772001.7433,-772001.7433
325763.3209,325763.3209
799999.9046,799999.9046
716792.7742,716792.7742
-743791.3895,-743791.3895
220064.9261,220064.9261
799999.9046,799999.9046
767726.0399,767726.0399
-685757.2556,-685757.2556
113538.9328,113538.9328
799999.9046,799999.9046
792652.1301,792652.1301
-599781.0364,-599781.0364
3710.9375,3710.9375
799999.9046,799999.9046
799420.2614,799420.2614
-498346.0426,-498346.0426
-108203.125,-108203.125
799999.9046,799999.9046
799999.9046,799999.9046
-384765.625,-384765.625
-219059.7534,-219059.7534
799919.1284,799919.1284
799999.9046,799999.9046
-273339.8438,-273339.8438
-324445.0569,-324445.0569
797589.5882,797589.5882
799999.9046,799999.9046
-165722.6563,-165722.6563
-427876.6632,-427876.6632
786177.4445,786177.4445
799999.9046,799999.9046
-55566.40625,-55566.40625
-512233.2573,-512233.2573
760377.7885,760377.7885
799999.9046,799999.9046
54785.15625,54785.15625
-582046.5088,-582046.5088
723648.0713,723648.0713
799999.9046,799999.9046
165917.9688,165917.9688
-642782.9742,-642782.9742
675693.1305,675693.1305
799999.9046,799999.9046
277148.4375,277148.4375
-692152.0233,-692152.0233
613343.4296,613343.4296
799999.9046,799999.9046
388341.9991,388341.9991
-735641.4795,-735641.4795
542026.0429,542026.0429
799999.9046,799999.9046
496572.9713,496572.9713
-764480.4001,-764480.4001
462243.3662,462243.3662
799999.9046,799999.9046
598531.0555,598531.0555
-775858.8791,-775858.8791
373812.294,373812.294
799999.9046,799999.9046
684841.9189,684841.9189
-760431.4804,-760431.4804
274612.999,274612.999
799999.9046,799999.9046
746502.1133,746502.1133
-717347.3358,-717347.3358
165181.16,165181.16
799999.9046,799999.9046
784418.3922,784418.3922
-641547.2984,-641547.2984
54687.5,54687.5
799999.9046,799999.9046
797866.8213,797866.8213
-543960.5713,-543960.5713
-55273.4375,-55273.4375
799999.9046,799999.9046
799975.2045,799975.2045
-437182.2357,-437182.2357
-164743.9003,-164743.9003
799997.8065,799997.8065
799999.9046,799999.9046
-325585.9375,-325585.9375
-274087.6198,-274087.6198
799282.9323,799282.9323
799999.9046,799999.9046
-216113.2813,-216113.2813
-379494.6671,-379494.6671
793361.8546,793361.8546
799999.9046,799999.9046
-104980.4688,-104980.4688
-470570.755,-470570.755
774672.3175,774672.3175
799999.9046,799999.9046
7421.875,7421.875
-550644.1116,-550644.1116
741855.0491,741855.0491
799999.9046,799999.9046
115917.9688,115917.9688
-613885.0212,-613885.0212
698260.0212,698260.0212
799999.9046,799999.9046
227539.0625,227539.0625
-671479.2252,-671479.2252
645502.6627,645502.6627
799999.9046,799999.9046
338671.6843,338671.6843
-714700.222,-714700.222
578176.9753,578176.9753
799999.9046,799999.9046
447476.1963,447476.1963
-750127.9831,-750127.9831
503432.9414,503432.9414
799999.9046,799999.9046
554086.3991,554086.3991
-773222.9233,-773222.9233
418745.8038,418745.8038
799999.9046,799999.9046
648841.5718,648841.5718
-770968.5326,-770968.5326
324275.4936,324275.4936
799999.9046,799999.9046
720966.6252,720966.6252
-740179.8248,-740179.8248
220189.7621,220189.7621
799999.9046,799999.9046
770174.3126,770174.3126
-680495.0714,-680495.0714
110027.7901,110027.7901
799999.9046,799999.9046
793722.4388,793722.4388
-594601.3451,-594601.3451
683.59375,683.59375
799999.9046,799999.9046
799662.3993,799662.3993
-486674.118,-486674.118
-111035.1563,-111035.1563
799999.9046,799999.9046
799999.9046,799999.9046
-378613.2813,-378613.2813
-221307.5638,-221307.5638
799920.845,799920.845
799999.9046,799999.9046
-268261.7188,-268261.7188
-330670.6429,-330670.6429
797369.8616,797369.8616
799999.9046,799999.9046
-157324.2188,-157324.2188
-429937.3627,-429937.3627
785210.8002,785210.8002
799999.9046,799999.9046
-47656.25,-47656.25
-513903.4271,-513903.4271
759118.2709,759118.2709
799999.9046,799999.9046
61914.0625,61914.0625
-586410.6178,-586410.6178
720394.9928,720394.9928
799999.9046,799999.9046
172851.5625,172851.5625
-647549.1524,-647549.1524
670303.0586,670303.0586
799999.9046,799999.9046
284179.6875,284179.6875
-696088.1233,-696088.1233
607806.8733,607806.8733
799999.9046,799999.9046
394185.6384,394185.6384
-735303.2112,-735303.2112
539262.0087,539262.0087
799999.9046,799999.9046
503858.3755,503858.3755
-765181.6368,-765181.6368
458100.605,458100.605
799999.9046,799999.9046
604775.4288,604775.4288
-775642.2997,-775642.2997
366960.5255,366960.5255
799999.9046,799999.9046
690030.3841,690030.3841
-759581.3751,-759581.3751
267890.8348,267890.8348
799999.9046,799999.9046
751381.0158,751381.0158
-713250.4463,-713250.4463
154349.9947,154349.9947
799999.9046,799999.9046
785774.6124,785774.6124
-640462.1124,-640462.1124
50585.9375,50585.9375
799999.9046,799999.9046
798101.6159,798101.6159
-540093.8034,-540093.8034
-62304.6875,-62304.6875
799999.9046,799999.9046
799987.4115,799987.4115
-431237.4115,-431237.4115
-170310.9741,-170310.9741
799998.4741,799998.4741
799999.9046,799999.9046
-322558.5938,-322558.5938
-279623.127,-279623.127
799252.0332,799252.0332
799999.9046,799999.9046
-210253.9063,-210253.9063
-381951.6182,-381951.6182
792889.1182,792889.1182
799999.9046,799999.9046
-101562.5,-101562.5
-470097.8279,-470097.8279
773808.7654,773808.7654
799999.9046,799999.9046
7519.53125,7519.53125
-551477.7184,-551477.7184
740833.1871,740833.1871
799999.9046,799999.9046
119140.625,119140.625
-615555.954,-615555.954
694266.8915,694266.8915
799999.9046,799999.9046
231347.6563,231347.6563
-673623.6572,-673623.6572
641397.0947,641397.0947
799999.9046,799999.9046
338671.1121,338671.1121
-716220.5696,-716220.5696
575010.3951,575010.3951
799999.9046,799999.9046
449972.0573,449972.0573
-751914.7873,-751914.7873
499403.6674,499403.6674
799999.9046,799999.9046
555499.7444,555499.7444
-772868.6333,-772868.6333
414341.4497,414341.4497
799999.9046,799999.9046
649403.5721,649403.5721
-770307.827,-770307.827
324322.2237,324322.2237
799999.9046,799999.9046
723251.4381,723251.4381
-739628.315,-739628.315
218622.9706,218622.9706
799999.9046,799999.9046
771601.1047,771601.1047
-679965.21,-679965.21
108168.7927,108168.7927
799999.9046,799999.9046
794049.1676,794049.1676
-592974.9489,-592974.9489
-488.28125,-488.28125
799999.9046,799999.9046
799705.6961,799705.6961
-486424.4461,-486424.4461
-110937.5,-110937.5
799999.9046,799999.9046
799999.9046,799999.9046
-378125,-378125
-222086.4296,-222086.4296
799918.4608,799918.4608
799999.9046,799999.9046
-267089.8438,-267089.8438
-328031.0631,-328031.0631
797562.3131,797562.3131
799999.9046,799999.9046
-155859.375,-155859.375
-428487.3962,-428487.3962
785713.9587,785713.9587
799999.9046,799999.9046
-45410.15625,-45410.15625
-515031.2424,-515031.2424
759855.4611,759855.4611
799999.9046,799999.9046
65625,65625
-586127.8534,-586127.8534
720991.1346,720991.1346
799999.9046,799999.9046
175292.9688,175292.9688
-646191.3109,-646191.3109
673046.7796,673046.7796
799999.9046,799999.9046
287207.0313,287207.0313
-695963.9549,-695963.9549
612370.2049,612370.2049
799999.9046,799999.9046
398075.1991,398075.1991
-735249.9962,-735249.9962
538053.7033,538053.7033
799999.9046,799999.9046
505891.037,505891.037
-763939.476,-763939.476
459220.314,459220.314
799999.9046,799999.9046
606109.7145,606109.7145
-774798.2025,-774798.2025
372985.363,372985.363
799999.9046,799999.9046
689608.9554,689608.9554
-758976.078,-758976.078
273175.7164,273175.7164
799999.9046,799999.9046
752662.7541,752662.7541
-712444.4008,-712444.4008
164273.9296,164273.9296
799999.9046,799999.9046
786203.7659,786203.7659
-637766.2659,-637766.2659
54785.15625,54785.15625
799999.9046,799999.9046
798314.7621,798314.7621
-537377.2621,-537377.2621
-58105.46875,-58105.46875
799999.9046,799999.9046
799990.3679,799990.3679
-431533.3366,-431533.3366
-166112.0415,-166112.0415
799998.7602,799998.7602
799999.9046,799999.9046
-322656.25,-322656.25
-273407.0778,-273407.0778
799383.6403,799383.6403
799999.9046,799999.9046
-213378.9063,-213378.9063
-382039.0701,-382039.0701
793464.8514,793464.8514
799999.9046,799999.9046
-100683.5938,-100683.5938
-475130.8441,-475130.8441
774544.9066,774544.9066
799999.9046,799999.9046
10058.59375,10058.59375
-548217.2012,-548217.2012
742357.8262,742357.8262
799999.9046,799999.9046
116308.5938,116308.5938
-616974.7353,-616974.7353
698908.329,698908.329
799999.9046,799999.9046
229199.2188,229199.2188
-669970.8939,-669970.8939
643115.4251,643115.4251
799999.9046,799999.9046
341503.6201,341503.6201
-717189.4073,-717189.4073
576662.4451,576662.4451
799999.9046,799999.9046
445548.2483,445548.2483
-750986.5761,-750986.5761
503582.7637,503582.7637
799999.9046,799999.9046
554585.6476,554585.6476
-772175.2167,-772175.2167
421495.8191,421495.8191
799999.9046,799999.9046
649149.9901,649149.9901
-771464.1571,-771464.1571
323290.7295,323290.7295
799999.9046,799999.9046
724810.8864,724810.8864
-740795.2309,-740795.2309
216277.3132,216277.3132
799999.9046,799999.9046
771478.2715,771478.2715
-680911.541,-680911.541
110312.1758,110312.1758
799999.9046,799999.9046
794071.4836,794071.4836
-594071.4836,-594071.4836
683.59375,683.59375
799999.9046,799999.9046
799698.5435,799698.5435
-487100.8873,-487100.8873
-111914.0625,-111914.0625
799999.9046,799999.9046
799999.9046,799999.9046
-379003.9063,-379003.9063
-221616.0774,-221616.0774
799936.3899,799936.3899
799999.9046,799999.9046
-269531.25,-269531.25
-326372.7188,-326372.7188
797759.4376,797759.4376
799999.9046,799999.9046
-158496.0938,-158496.0938
-427357.0061,-427357.0061
786439.0373,786439.0373
799999.9046,799999.9046
-47558.59375,-47558.59375
-511651.4206,-511651.4206
761358.4518,761358.4518
799999.9046,799999.9046
61914.0625,61914.0625
-584383.8692,-584383.8692
723836.9942,723836.9942
799999.9046,799999.9046
171191.4063,171191.4063
-646433.0673,-646433.0673
675436.9736,675436.9736
799999.9046,799999.9046
282910.1563,282910.1563
-692291.3551,-692291.3551
613678.0739,613678.0739
799999.9046,799999.9046
392540.9317,392540.9317
-733204.6509,-733204.6509
544667.5301,544667.5301
799999.9046,799999.9046
500612.7357,500612.7357
-763244.915,-763244.915
466733.6464,466733.6464
799999.9046,799999.9046
602068.9011,602068.9011
-775271.5111,-775271.5111
376229.9538,376229.9538
799999.9046,799999.9046
685673.6183,685673.6183
-761018.2762,-761018.2762
277297.7829,277297.7829
799999.9046,799999.9046
748934.4597,748934.4597
-716813.6597,-716813.6597
169929.9812,169929.9812
799999.9046,799999.9046
785740.0894,785740.0894
-640622.5204,-640622.5204
61523.05603,61523.05603
799999.9046,799999.9046
798224.5445,798224.5445
-544415.9508,-544415.9508
-50976.5625,-50976.5625
799999.9046,799999.9046
799986.2671,799986.2671
-438267.5171,-438267.5171
-159374.9046,-159374.9046
799999.9046,799999.9046
799999.9046,799999.9046
-324804.6875,-324804.6875
-269968.7958,-269968.7958
799558.6395,799558.6395
799999.9046,799999.9046
-215722.6563,-215722.6563
-375443.7447,-375443.7447
794096.0884,794096.0884
799999.9046,799999.9046
-103222.6563,-103222.6563
-466914.3677,-466914.3677
776972.9614,776972.9614
799999.9046,799999.9046
4589.84375,4589.84375
-547224.9985,-547224.9985
746639.061,746639.061
799999.9046,799999.9046
114453.125,114453.125
-616024.0173,-616024.0173
703231.0486,703231.0486
799999.9046,799999.9046
225292.9688,225292.9688
-672730.2551,-672730.2551
649195.0989,649195.0989
799999.9046,799999.9046
337792.8734,337792.8734
-716960.907,-716960.907
582781.3148,582781.3148
799999.9046,799999.9046
445388.5078,445388.5078
-750992.5842,-750992.5842
507752.5139,507752.5139
799999.9046,799999.9046
553077.6024,553077.6024
-772388.1721,-772388.1721
424681.5681,424681.5681
799999.9046,799999.9046
646997.4518,646997.4518
-772632.122,-772632.122
329540.9203,329540.9203
799999.9046,799999.9046
721406.1737,721406.1737
-743421.0777,-743421.0777
222796.2494,222796.2494
799999.9046,799999.9046
770292.4728,770292.4728
-683134.3651,-683134.3651
115771.5797,115771.5797
799999.9046,799999.9046
793727.0164,793727.0164
-595484.8289,-595484.8289
878.90625,878.90625
799999.9046,799999.9046
799700.0694,799700.0694
-491106.3194,-491106.3194
-107812.5,-107812.5
799999.9046,799999.9046
799999.9046,799999.9046
-381542.9688,-381542.9688
-216650.1999,-216650.1999
799950.9811,799950.9811
799999.9046,799999.9046
-271093.75,-271093.75
-321766.5672,-321766.5672
798133.7547,798133.7547
799999.9046,799999.9046
-161718.75,-161718.75
-424784.8511,-424784.8511
788066.1011,788066.1011
799999.9046,799999.9046
-51953.125,-51953.125
-510781.2881,-510781.2881
763222.6944,763222.6944
799999.9046,799999.9046
57910.15625,57910.15625
-584427.5475,-584427.5475
724564.2662,724564.2662
799999.9046,799999.9046
167089.8438,167089.8438
-643286.0374,-643286.0374
677075.0999,677075.0999
799999.9046,799999.9046
278320.3125,278320.3125
-692294.5976,-692294.5976
620224.2851,620224.2851
799999.9046,799999.9046
386976.6235,386976.6235
-732611.7516,-732611.7516
546416.378,546416.378
799999.9046,799999.9046
496286.2968,496286.2968
-763591.0034,-763591.0034
468281.3644,468281.3644
799999.9046,799999.9046
598068.5234,598068.5234
-776578.0449,-776578.0449
376458.8356,376458.8356
799999.9046,799999.9046
684402.5612,684402.5612
-762993.2404,-762993.2404
282301.6167,282301.6167
799999.9046,799999.9046
747802.1622,747802.1622
-719179.4395,-719179.4395
174307.0602,174307.0602
799999.9046,799999.9046
784535.2173,784535.2173
-645179.7485,-645179.7485
64843.75,64843.75
799999.9046,799999.9046
797915.1726,797915.1726
-549672.9851,-549672.9851
-45703.125,-45703.125
799999.9046,799999.9046
799979.1145,799979.1145
-439822.8645,-439822.8645
-160741.9968,-160741.9968
799999.8093,799999.8093
799999.9046,799999.9046
-330957.0313,-330957.0313
-268137.7411,-268137.7411
799583.0536,799583.0536
799999.9046,799999.9046
-220410.1563,-220410.1563
-371202.6596,-371202.6596
795128.4409,795128.4409
799999.9046,799999.9046
-110253.9063,-110253.9063
-469164.8483,-469164.8483
777953.9108,777953.9108
799999.9046,799999.9046
2636.71875,2636.71875
-545616.3406,-545616.3406
747178.8406,747178.8406
799999.9046,799999.9046
112011.7188,112011.7188
-611562.1567,-611562.1567
703066.0629,703066.0629
799999.9046,799999.9046
223144.5313,223144.5313
-668050.6706,-668050.6706
648421.7644,648421.7644
799999.9046,799999.9046
330957.0313,330957.0313
-716593.8377,-716593.8377
582902.4315,582902.4315
799999.9046,799999.9046
442714.3097,442714.3097
-749890.6136,-749890.6136
509031.868,509031.868
799999.9046,799999.9046
547854.2328,547854.2328
-772921.7529,-772921.7529
426434.7076,426434.7076
799999.9046,799999.9046
643880.7487,643880.7487
-773199.1768,-773199.1768
331466.9609,331466.9609
799999.9046,799999.9046
718650.7225,718650.7225
-745027.6375,-745027.6375
228525.3525,228525.3525
799999.9046,799999.9046
768928.051,768928.051
-687647.8195,-687647.8195
118329.2389,118329.2389
799999.9046,799999.9046
793634.3193,793634.3193
-600860.8818,-600860.8818
7519.53125,7519.53125
799999.9046,799999.9046
799555.8739,799555.8739
-495649.6239,-495649.6239
-104687.5,-104687.5
799999.9046,799999.9046
799999.9046,799999.9046
-386425.7813,-386425.7813
-212452.9839,-212452.9839
799952.9839,799952.9839
799999.9046,799999.9046
-276464.8438,-276464.8438
-319886.3983,-319886.3983
798206.7108,798206.7108
799999.9046,799999.9046
-167382.8125,-167382.8125
-419821.6438,-419821.6438
788278.6751,788278.6751
799999.9046,799999.9046
-55957.03125,-55957.03125
-503111.7439,-503111.7439
764537.5252,764537.5252
799999.9046,799999.9046
54296.875,54296.875
-574983.6922,-574983.6922
728499.3172,728499.3172
799999.9046,799999.9046
164746.0938,164746.0938
-636160.7552,-636160.7552
682840.4427,682840.4427
799999.9046,799999.9046
274511.7188,274511.7188
-689872.3602,-689872.3602
620145.7977,620145.7977
799999.9046,799999.9046
384548.5687,384548.5687
-729010.6773,-729010.6773
549735.5461,549735.5461
799999.9046,799999.9046
496004.3907,496004.3907
-762119.7701,-762119.7701
470412.159,470412.159
799999.9046,799999.9046
595526.123,595526.123
-775362.7777,-775362.7777
382571.125,382571.125
799999.9046,799999.9046
682476.0437,682476.0437
-763274.3835,-763274.3835
284216.2132,284216.2132
799999.9046,799999.9046
745994.6632,745994.6632
-720020.5803,-720020.5803
177443.8858,177443.8858
799999.9046,799999.9046
783521.3661,783521.3661
-649146.3661,-649146.3661
65039.0625,65039.0625
799999.9046,799999.9046
797959.0416,797959.0416
-549423.8853,-549423.8853
-44042.96875,-44042.96875
799999.9046,799999.9046
799995.4224,799995.4224
-431050.1099,-431050.1099
-159862.709,-159862.709
799999.4278,799999.4278
799999.9046,799999.9046
-331152.3438,-331152.3438
-267962.9326,-267962.9326
799603.5576,799603.5576
799999.9046,799999.9046
-220800.7813,-220800.7813
-373791.8854,-373791.8854
794885.6354,794885.6354
799999.9046,799999.9046
-112792.9688,-112792.9688
-467613.2202,-467613.2202
778160.0952,778160.0952
799999.9046,799999.9046
-1562.5,-1562.5
-549441.6237,-549441.6237
747097.8737,747097.8737
799999.9046,799999.9046
108984.375,108984.375
-613536.0718,-613536.0718
705039.978,705039.978
799999.9046,799999.9046
218261.7188,218261.7188
-673616.6954,-673616.6954
650374.5079,650374.5079
799999.9046,799999.9046
328710.9375,328710.9375
-716858.6731,-716858.6731
585511.0168,585511.0168
799999.9046,799999.9046
439718.1511,439718.1511
-751685.9055,-751685.9055
508940.506,508940.506
799999.9046,799999.9046
548694.1338,548694.1338
-771509.552,-771509.552
420862.2932,420862.2932
799999.9046,799999.9046
642513.5612,642513.5612
-773953.9146,-773953.9146
328315.3534,328315.3534
799999.9046,799999.9046
718734.0736,718734.0736
-745068.7408,-745068.7408
225162.7922,225162.7922
799999.9046,799999.9046
768105.9837,768105.9837
-687501.812,-687501.812
113536.3579,113536.3579
799999.9046,799999.9046
793776.7982,793776.7982
-600710.392,-600710.392
2148.4375,2148.4375
799999.9046,799999.9046
799627.8763,799627.8763
-496991.1575,-496991.1575
-108886.7188,-108886.7188
799999.9046,799999.9046
799999.9046,799999.9046
-387207.0313,-387207.0313
-212355.1369,-212355.1369
799952.7931,799952.7931
799999.9046,799999.9046
-277734.375,-277734.375
-323971.9391,-323971.9391
798190.6891,798190.6891
799999.9046,799999.9046
-166406.25,-166406.25
-423192.8825,-423192.8825
787450.695,787450.695
799999.9046,799999.9046
-55273.4375,-55273.4375
-508149.2424,-508149.2424
763325.0237,763325.0237
799999.9046,799999.9046
54492.1875,54492.1875
-580651.9508,-580651.9508
726550.3883,726550.3883
799999.9046,799999.9046
167089.8438,167089.8438
-642643.0702,-642643.0702
677994.6327,677994.6327
799999.9046,799999.9046
276074.2188,276074.2188
-693001.5564,-693001.5564
617806.2439,617806.2439
799999.9046,799999.9046
388552.1889,388552.1889
-734400.2724,-734400.2724
548875.5226,548875.5226
799999.9046,799999.9046
496297.2641,496297.2641
-764410.4958,-764410.4958
466257.7629,466257.7629
799999.9046,799999.9046
597417.9268,597417.9268
-776821.4226,-776821.4226
378622.2458,378622.2458
799999.9046,799999.9046
685218.5249,685218.5249
-762764.8354,-762764.8354
278913.4026,278913.4026
799999.9046,799999.9046
748445.9877,748445.9877
-717577.076,-717577.076
170986.557,170986.557
799999.9046,799999.9046
784217.2623,784217.2623
-647498.5123,-647498.5123
60253.90625,60253.90625
799999.9046,799999.9046
797998.4283,797998.4283
-548096.0846,-548096.0846
-52343.75,-52343.75
799999.9046,799999.9046
799970.3407,799970.3407
-439716.4345,-439716.4345
-160937.4046,-160937.4046
799999.9046,799999.9046
799999.9046,799999.9046
-329882.8125,-329882.8125
-269676.6853,-269676.6853
799559.4978,799559.4978
799999.9046,799999.9046
-219921.875,-219921.875
-372729.5876,-372729.5876
794702.2438,794702.2438
799999.9046,799999.9046
-109375,-109375
-468099.8802,-468099.8802
777670.1927,777670.1927
799999.9046,799999.9046
-390.625,-390.625
-549257.7553,-549257.7553
744374.9428,744374.9428
799999.9046,799999.9046
112695.3125,112695.3125
-614852.2377,-614852.2377
702547.5502,702547.5502
799999.9046,799999.9046
223632.8125,223632.8125
-671788.0249,-671788.0249
649424.7437,649424.7437
799999.9046,799999.9046
333203.0296,333203.0296
-716595.7451,-716595.7451
582709.0263,582709.0263
799999.9046,799999.9046
443123.7221,443123.7221
-747910.2135,-747910.2135
504102.8976,504102.8976
799999.9046,799999.9046
549246.2158,549246.2158
-773130.6076,-773130.6076
422321.8918,422321.8918
799999.9046,799999.9046
646077.0607,646077.0607
-772926.6167,-772926.6167
329193.2106,329193.2106
799999.9046,799999.9046
